,Id,ActivityDay,Calories
0,1503960366,2016-04-12,1985
1,1503960366,2016-04-13,1797
2,1503960366,2016-04-14,1776
3,1503960366,2016-04-15,1745
4,1503960366,2016-04-16,1863
5,1503960366,2016-04-17,1728
6,1503960366,2016-04-18,1921
7,1503960366,2016-04-19,2035
8,1503960366,2016-04-20,1786
9,1503960366,2016-04-21,1775
10,1503960366,2016-04-22,1827
11,1503960366,2016-04-23,1949
12,1503960366,2016-04-24,1788
13,1503960366,2016-04-25,2013
14,1503960366,2016-04-26,1970
15,1503960366,2016-04-27,2159
16,1503960366,2016-04-28,1898
17,1503960366,2016-04-29,1837
18,1503960366,2016-04-30,1947
19,1503960366,2016-05-01,1820
20,1503960366,2016-05-02,2004
21,1503960366,2016-05-03,1990
22,1503960366,2016-05-04,1819
23,1503960366,2016-05-05,1959
24,1503960366,2016-05-06,1896
25,1503960366,2016-05-07,1821
26,1503960366,2016-05-08,1740
27,1503960366,2016-05-09,1819
28,1503960366,2016-05-10,1859
29,1503960366,2016-05-11,1783
30,1503960366,2016-05-12,0
31,1624580081,2016-04-12,1432
32,1624580081,2016-04-13,1411
33,1624580081,2016-04-14,1572
34,1624580081,2016-04-15,1344
35,1624580081,2016-04-16,1463
36,1624580081,2016-04-17,1554
37,1624580081,2016-04-18,1604
38,1624580081,2016-04-19,1435
39,1624580081,2016-04-20,1446
40,1624580081,2016-04-21,1467
41,1624580081,2016-04-22,1470
42,1624580081,2016-04-23,1562
43,1624580081,2016-04-24,1617
44,1624580081,2016-04-25,1492
45,1624580081,2016-04-26,1402
46,1624580081,2016-04-27,1670
47,1624580081,2016-04-28,1401
48,1624580081,2016-04-29,1404
49,1624580081,2016-04-30,1655
50,1624580081,2016-05-01,2690
51,1624580081,2016-05-02,1497
52,1624580081,2016-05-03,1334
53,1624580081,2016-05-04,1368
54,1624580081,2016-05-05,1370
55,1624580081,2016-05-06,1341
56,1624580081,2016-05-07,1474
57,1624580081,2016-05-08,1427
58,1624580081,2016-05-09,1328
59,1624580081,2016-05-10,1393
60,1624580081,2016-05-11,1359
61,1624580081,2016-05-12,1002
62,1644430081,2016-04-12,3199
63,1644430081,2016-04-13,2902
64,1644430081,2016-04-14,3226
65,1644430081,2016-04-15,2750
66,1644430081,2016-04-16,3493
67,1644430081,2016-04-17,3011
68,1644430081,2016-04-18,2806
69,1644430081,2016-04-19,3300
70,1644430081,2016-04-20,2430
71,1644430081,2016-04-21,2140
72,1644430081,2016-04-22,2344
73,1644430081,2016-04-23,2677
74,1644430081,2016-04-24,2413
75,1644430081,2016-04-25,2497
76,1644430081,2016-04-26,3123
77,1644430081,2016-04-27,2489
78,1644430081,2016-04-28,3108
79,1644430081,2016-04-29,2498
80,1644430081,2016-04-30,3846
81,1644430081,2016-05-01,2696
82,1644430081,2016-05-02,2580
83,1644430081,2016-05-03,3324
84,1644430081,2016-05-04,2222
85,1644430081,2016-05-05,2463
86,1644430081,2016-05-06,3328
87,1644430081,2016-05-07,3404
88,1644430081,2016-05-08,2987
89,1644430081,2016-05-09,3008
90,1644430081,2016-05-10,2799
91,1644430081,2016-05-11,1276
92,1844505072,2016-04-12,2030
93,1844505072,2016-04-13,1860
94,1844505072,2016-04-14,2130
95,1844505072,2016-04-15,1725
96,1844505072,2016-04-16,1657
97,1844505072,2016-04-17,1793
98,1844505072,2016-04-18,1814
99,1844505072,2016-04-19,1366
100,1844505072,2016-04-20,1349
101,1844505072,2016-04-21,2062
102,1844505072,2016-04-22,1827
103,1844505072,2016-04-23,1645
104,1844505072,2016-04-24,1347
105,1844505072,2016-04-25,1347
106,1844505072,2016-04-26,1347
107,1844505072,2016-04-27,1348
108,1844505072,2016-04-28,1992
109,1844505072,2016-04-29,1856
110,1844505072,2016-04-30,1763
111,1844505072,2016-05-01,1541
112,1844505072,2016-05-02,1348
113,1844505072,2016-05-03,1742
114,1844505072,2016-05-04,1549
115,1844505072,2016-05-05,1589
116,1844505072,2016-05-06,1351
117,1844505072,2016-05-07,1347
118,1844505072,2016-05-08,1347
119,1844505072,2016-05-09,1347
120,1844505072,2016-05-10,1347
121,1844505072,2016-05-11,1347
122,1844505072,2016-05-12,665
123,1927972279,2016-04-12,2220
124,1927972279,2016-04-13,2151
125,1927972279,2016-04-14,2383
126,1927972279,2016-04-15,2221
127,1927972279,2016-04-16,2064
128,1927972279,2016-04-17,2063
129,1927972279,2016-04-18,2111
130,1927972279,2016-04-19,2063
131,1927972279,2016-04-20,2063
132,1927972279,2016-04-21,2064
133,1927972279,2016-04-22,2093
134,1927972279,2016-04-23,2499
135,1927972279,2016-04-24,2324
136,1927972279,2016-04-25,2100
137,1927972279,2016-04-26,2638
138,1927972279,2016-04-27,2063
139,1927972279,2016-04-28,2351
140,1927972279,2016-04-29,2063
141,1927972279,2016-04-30,2064
142,1927972279,2016-05-01,2411
143,1927972279,2016-05-02,2505
144,1927972279,2016-05-03,2195
145,1927972279,2016-05-04,2338
146,1927972279,2016-05-05,2063
147,1927972279,2016-05-06,2383
148,1927972279,2016-05-07,2229
149,1927972279,2016-05-08,2063
150,1927972279,2016-05-09,2063
151,1927972279,2016-05-10,2063
152,1927972279,2016-05-11,2063
153,1927972279,2016-05-12,1383
154,2022484408,2016-04-12,2390
155,2022484408,2016-04-13,2601
156,2022484408,2016-04-14,2312
157,2022484408,2016-04-15,2525
158,2022484408,2016-04-16,2177
159,2022484408,2016-04-17,2782
160,2022484408,2016-04-18,2770
161,2022484408,2016-04-19,2489
162,2022484408,2016-04-20,2897
163,2022484408,2016-04-21,3158
164,2022484408,2016-04-22,2638
165,2022484408,2016-04-23,2069
166,2022484408,2016-04-24,2529
167,2022484408,2016-04-25,2470
168,2022484408,2016-04-26,2793
169,2022484408,2016-04-27,2463
170,2022484408,2016-04-28,2296
171,2022484408,2016-04-29,2611
172,2022484408,2016-04-30,2732
173,2022484408,2016-05-01,2380
174,2022484408,2016-05-02,2473
175,2022484408,2016-05-03,2752
176,2022484408,2016-05-04,2649
177,2022484408,2016-05-05,2609
178,2022484408,2016-05-06,2498
179,2022484408,2016-05-07,1995
180,2022484408,2016-05-08,1848
181,2022484408,2016-05-09,2709
182,2022484408,2016-05-10,2797
183,2022484408,2016-05-11,2544
184,2022484408,2016-05-12,1853
185,2026352035,2016-04-12,1459
186,2026352035,2016-04-13,1521
187,2026352035,2016-04-14,1431
188,2026352035,2016-04-15,1444
189,2026352035,2016-04-16,1373
190,2026352035,2016-04-17,1214
191,2026352035,2016-04-18,1419
192,2026352035,2016-04-19,1356
193,2026352035,2016-04-20,1667
194,2026352035,2016-04-21,1370
195,2026352035,2016-04-22,1399
196,2026352035,2016-04-23,1916
197,2026352035,2016-04-24,1401
198,2026352035,2016-04-25,1576
199,2026352035,2016-04-26,1595
200,2026352035,2016-04-27,1593
201,2026352035,2016-04-28,1649
202,2026352035,2016-04-29,1692
203,2026352035,2016-04-30,1506
204,2026352035,2016-05-01,1447
205,2026352035,2016-05-02,1690
206,2026352035,2016-05-03,1604
207,2026352035,2016-05-04,1658
208,2026352035,2016-05-05,1926
209,2026352035,2016-05-06,1736
210,2026352035,2016-05-07,1491
211,2026352035,2016-05-08,1555
212,2026352035,2016-05-09,1869
213,2026352035,2016-05-10,1141
214,2026352035,2016-05-11,1698
215,2026352035,2016-05-12,1364
216,2320127002,2016-04-12,2124
217,2320127002,2016-04-13,2003
218,2320127002,2016-04-14,1696
219,2320127002,2016-04-15,1801
220,2320127002,2016-04-16,1724
221,2320127002,2016-04-17,1852
222,2320127002,2016-04-18,1905
223,2320127002,2016-04-19,1811
224,2320127002,2016-04-20,1922
225,2320127002,2016-04-21,1610
226,2320127002,2016-04-22,1851
227,2320127002,2016-04-23,1804
228,2320127002,2016-04-24,1725
229,2320127002,2016-04-25,1654
230,2320127002,2016-04-26,1632
231,2320127002,2016-04-27,1481
232,2320127002,2016-04-28,1473
233,2320127002,2016-04-29,1410
234,2320127002,2016-04-30,1779
235,2320127002,2016-05-01,1403
236,2320127002,2016-05-02,1613
237,2320127002,2016-05-03,1878
238,2320127002,2016-05-04,1426
239,2320127002,2016-05-05,1780
240,2320127002,2016-05-06,1742
241,2320127002,2016-05-07,1972
242,2320127002,2016-05-08,1821
243,2320127002,2016-05-09,1630
244,2320127002,2016-05-10,1899
245,2320127002,2016-05-11,1903
246,2320127002,2016-05-12,1125
247,2347167796,2016-04-12,2344
248,2347167796,2016-04-13,2038
249,2347167796,2016-04-14,2010
250,2347167796,2016-04-15,2133
251,2347167796,2016-04-16,2670
252,2347167796,2016-04-17,1882
253,2347167796,2016-04-18,1944
254,2347167796,2016-04-19,2346
255,2347167796,2016-04-20,2198
256,2347167796,2016-04-21,2048
257,2347167796,2016-04-22,1946
258,2347167796,2016-04-23,2629
259,2347167796,2016-04-24,2187
260,2347167796,2016-04-25,2095
261,2347167796,2016-04-26,1861
262,2347167796,2016-04-27,2194
263,2347167796,2016-04-28,1854
264,2347167796,2016-04-29,403
265,2873212765,2016-04-12,1982
266,2873212765,2016-04-13,2004
267,2873212765,2016-04-14,1893
268,2873212765,2016-04-15,2063
269,2873212765,2016-04-16,2148
270,2873212765,2016-04-17,1529
271,2873212765,2016-04-18,1890
272,2873212765,2016-04-19,1956
273,2873212765,2016-04-20,2094
274,2873212765,2016-04-21,1970
275,2873212765,2016-04-22,2241
276,2873212765,2016-04-23,2021
277,2873212765,2016-04-24,1898
278,2873212765,2016-04-25,1907
279,2873212765,2016-04-26,1882
280,2873212765,2016-04-27,1966
281,2873212765,2016-04-28,1835
282,2873212765,2016-04-29,1780
283,2873212765,2016-04-30,1830
284,2873212765,2016-05-01,1739
285,2873212765,2016-05-02,1878
286,2873212765,2016-05-03,1906
287,2873212765,2016-05-04,2015
288,2873212765,2016-05-05,1971
289,2873212765,2016-05-06,1910
290,2873212765,2016-05-07,1897
291,2873212765,2016-05-08,2096
292,2873212765,2016-05-09,1906
293,2873212765,2016-05-10,1962
294,2873212765,2016-05-11,1826
295,2873212765,2016-05-12,1431
296,3372868164,2016-04-12,1788
297,3372868164,2016-04-13,2093
298,3372868164,2016-04-14,2065
299,3372868164,2016-04-15,1908
300,3372868164,2016-04-16,1908
301,3372868164,2016-04-17,1964
302,3372868164,2016-04-18,2014
303,3372868164,2016-04-19,1985
304,3372868164,2016-04-20,1867
305,3372868164,2016-04-21,2124
306,3372868164,2016-04-22,1669
307,3372868164,2016-04-23,1995
308,3372868164,2016-04-24,1921
309,3372868164,2016-04-25,2010
310,3372868164,2016-04-26,2057
311,3372868164,2016-04-27,2095
312,3372868164,2016-04-28,1972
313,3372868164,2016-04-29,2044
314,3372868164,2016-04-30,1946
315,3372868164,2016-05-01,1237
316,3977333714,2016-04-12,1450
317,3977333714,2016-04-13,1495
318,3977333714,2016-04-14,1433
319,3977333714,2016-04-15,1468
320,3977333714,2016-04-16,1625
321,3977333714,2016-04-17,1529
322,3977333714,2016-04-18,1584
323,3977333714,2016-04-19,1638
324,3977333714,2016-04-20,1554
325,3977333714,2016-04-21,1397
326,3977333714,2016-04-22,1481
327,3977333714,2016-04-23,1638
328,3977333714,2016-04-24,1655
329,3977333714,2016-04-25,1570
330,3977333714,2016-04-26,1551
331,3977333714,2016-04-27,1377
332,3977333714,2016-04-28,1407
333,3977333714,2016-04-29,1545
334,3977333714,2016-04-30,1650
335,3977333714,2016-05-01,1501
336,3977333714,2016-05-02,1760
337,3977333714,2016-05-03,1710
338,3977333714,2016-05-04,1628
339,3977333714,2016-05-05,1618
340,3977333714,2016-05-06,1590
341,3977333714,2016-05-07,1574
342,3977333714,2016-05-08,1633
343,3977333714,2016-05-09,1667
344,3977333714,2016-05-10,1630
345,3977333714,2016-05-11,52
346,4020332650,2016-04-12,3654
347,4020332650,2016-04-13,1981
348,4020332650,2016-04-14,2011
349,4020332650,2016-04-15,2951
350,4020332650,2016-04-16,3051
351,4020332650,2016-04-17,1990
352,4020332650,2016-04-18,1995
353,4020332650,2016-04-19,1980
354,4020332650,2016-04-20,1980
355,4020332650,2016-04-21,1980
356,4020332650,2016-04-22,1980
357,4020332650,2016-04-23,1980
358,4020332650,2016-04-24,1980
359,4020332650,2016-04-25,1980
360,4020332650,2016-04-26,1980
361,4020332650,2016-04-27,1980
362,4020332650,2016-04-28,1980
363,4020332650,2016-04-29,1980
364,4020332650,2016-04-30,1980
365,4020332650,2016-05-01,1980
366,4020332650,2016-05-02,2207
367,4020332650,2016-05-03,2828
368,4020332650,2016-05-04,3879
369,4020332650,2016-05-05,3429
370,4020332650,2016-05-06,2704
371,4020332650,2016-05-07,2975
372,4020332650,2016-05-08,3089
373,4020332650,2016-05-09,2785
374,4020332650,2016-05-10,2926
375,4020332650,2016-05-11,2645
376,4020332650,2016-05-12,1120
377,4057192912,2016-04-12,2286
378,4057192912,2016-04-13,2306
379,4057192912,2016-04-14,1776
380,4057192912,2016-04-15,1527
381,4319703577,2016-04-12,2115
382,4319703577,2016-04-13,2135
383,4319703577,2016-04-14,2302
384,4319703577,2016-04-15,1985
385,4319703577,2016-04-16,1884
386,4319703577,2016-04-17,1464
387,4319703577,2016-04-18,1632
388,4319703577,2016-04-19,2200
389,4319703577,2016-04-20,2220
390,4319703577,2016-04-21,1792
391,4319703577,2016-04-22,1886
392,4319703577,2016-04-23,1945
393,4319703577,2016-04-24,1880
394,4319703577,2016-04-25,2314
395,4319703577,2016-04-26,2236
396,4319703577,2016-04-27,2324
397,4319703577,2016-04-28,2367
398,4319703577,2016-04-29,2175
399,4319703577,2016-04-30,2092
400,4319703577,2016-05-01,1593
401,4319703577,2016-05-02,2270
402,4319703577,2016-05-03,2235
403,4319703577,2016-05-04,2282
404,4319703577,2016-05-05,2530
405,4319703577,2016-05-06,2266
406,4319703577,2016-05-07,2158
407,4319703577,2016-05-08,1792
408,4319703577,2016-05-09,2345
409,4319703577,2016-05-10,2260
410,4319703577,2016-05-11,2232
411,4319703577,2016-05-12,257
412,4388161847,2016-04-12,2955
413,4388161847,2016-04-13,3092
414,4388161847,2016-04-14,2998
415,4388161847,2016-04-15,3066
416,4388161847,2016-04-16,3073
417,4388161847,2016-04-17,2572
418,4388161847,2016-04-18,3274
419,4388161847,2016-04-19,3015
420,4388161847,2016-04-20,3083
421,4388161847,2016-04-21,3069
422,4388161847,2016-04-22,3544
423,4388161847,2016-04-23,3306
424,4388161847,2016-04-24,2885
425,4388161847,2016-04-25,3288
426,4388161847,2016-04-26,2929
427,4388161847,2016-04-27,3074
428,4388161847,2016-04-28,2969
429,4388161847,2016-04-29,2979
430,4388161847,2016-04-30,3283
431,4388161847,2016-05-01,2926
432,4388161847,2016-05-02,3147
433,4388161847,2016-05-03,3290
434,4388161847,2016-05-04,3162
435,4388161847,2016-05-05,2899
436,4388161847,2016-05-06,3425
437,4388161847,2016-05-07,4022
438,4388161847,2016-05-08,3934
439,4388161847,2016-05-09,3013
440,4388161847,2016-05-10,3061
441,4388161847,2016-05-11,2954
442,4388161847,2016-05-12,1623
443,4445114986,2016-04-12,2113
444,4445114986,2016-04-13,2095
445,4445114986,2016-04-14,2194
446,4445114986,2016-04-15,2496
447,4445114986,2016-04-16,2180
448,4445114986,2016-04-17,1933
449,4445114986,2016-04-18,2248
450,4445114986,2016-04-19,1954
451,4445114986,2016-04-20,1974
452,4445114986,2016-04-21,2150
453,4445114986,2016-04-22,2432
454,4445114986,2016-04-23,2149
455,4445114986,2016-04-24,2247
456,4445114986,2016-04-25,2070
457,4445114986,2016-04-26,2291
458,4445114986,2016-04-27,2361
459,4445114986,2016-04-28,2203
460,4445114986,2016-04-29,2196
461,4445114986,2016-04-30,2363
462,4445114986,2016-05-01,2246
463,4445114986,2016-05-02,2336
464,4445114986,2016-05-03,2421
465,4445114986,2016-05-04,2070
466,4445114986,2016-05-05,2120
467,4445114986,2016-05-06,2211
468,4445114986,2016-05-07,2123
469,4445114986,2016-05-08,2423
470,4445114986,2016-05-09,2281
471,4445114986,2016-05-10,2181
472,4445114986,2016-05-11,2499
473,4445114986,2016-05-12,1212
474,4558609924,2016-04-12,1909
475,4558609924,2016-04-13,1722
476,4558609924,2016-04-14,1922
477,4558609924,2016-04-15,2121
478,4558609924,2016-04-16,1997
479,4558609924,2016-04-17,2117
480,4558609924,2016-04-18,2116
481,4558609924,2016-04-19,1876
482,4558609924,2016-04-20,1788
483,4558609924,2016-04-21,2486
484,4558609924,2016-04-22,2094
485,4558609924,2016-04-23,2085
486,4558609924,2016-04-24,2173
487,4558609924,2016-04-25,2225
488,4558609924,2016-04-26,2223
489,4558609924,2016-04-27,2098
490,4558609924,2016-04-28,2185
491,4558609924,2016-04-29,1918
492,4558609924,2016-04-30,2105
493,4558609924,2016-05-01,1692
494,4558609924,2016-05-02,2066
495,4558609924,2016-05-03,1953
496,4558609924,2016-05-04,1842
497,4558609924,2016-05-05,2262
498,4558609924,2016-05-06,1722
499,4558609924,2016-05-07,1973
500,4558609924,2016-05-08,2666
501,4558609924,2016-05-09,2223
502,4558609924,2016-05-10,1889
503,4558609924,2016-05-11,2131
504,4558609924,2016-05-12,1452
505,4702921684,2016-04-12,2947
506,4702921684,2016-04-13,2898
507,4702921684,2016-04-14,2984
508,4702921684,2016-04-15,2896
509,4702921684,2016-04-16,3328
510,4702921684,2016-04-17,3394
511,4702921684,2016-04-18,3013
512,4702921684,2016-04-19,2812
513,4702921684,2016-04-20,3061
514,4702921684,2016-04-21,2729
515,4702921684,2016-04-22,2241
516,4702921684,2016-04-23,3691
517,4702921684,2016-04-24,3538
518,4702921684,2016-04-25,3064
519,4702921684,2016-04-26,2784
520,4702921684,2016-04-27,2908
521,4702921684,2016-04-28,3033
522,4702921684,2016-04-29,3165
523,4702921684,2016-04-30,3115
524,4702921684,2016-05-01,2017
525,4702921684,2016-05-02,2859
526,4702921684,2016-05-03,3145
527,4702921684,2016-05-04,3004
528,4702921684,2016-05-05,3006
529,4702921684,2016-05-06,2859
530,4702921684,2016-05-07,3683
531,4702921684,2016-05-08,3287
532,4702921684,2016-05-09,2990
533,4702921684,2016-05-10,3172
534,4702921684,2016-05-11,3069
535,4702921684,2016-05-12,1240
536,5553957443,2016-04-12,2026
537,5553957443,2016-04-13,1718
538,5553957443,2016-04-14,2324
539,5553957443,2016-04-15,2254
540,5553957443,2016-04-16,1831
541,5553957443,2016-04-17,1397
542,5553957443,2016-04-18,1683
543,5553957443,2016-04-19,2284
544,5553957443,2016-04-20,1570
545,5553957443,2016-04-21,2066
546,5553957443,2016-04-22,2105
547,5553957443,2016-04-23,1776
548,5553957443,2016-04-24,1507
549,5553957443,2016-04-25,2033
550,5553957443,2016-04-26,2093
551,5553957443,2016-04-27,1922
552,5553957443,2016-04-28,1999
553,5553957443,2016-04-29,2169
554,5553957443,2016-04-30,1463
555,5553957443,2016-05-01,1747
556,5553957443,2016-05-02,1996
557,5553957443,2016-05-03,2116
558,5553957443,2016-05-04,1698
559,5553957443,2016-05-05,2156
560,5553957443,2016-05-06,1916
561,5553957443,2016-05-07,1494
562,5553957443,2016-05-08,1762
563,5553957443,2016-05-09,2272
564,5553957443,2016-05-10,2335
565,5553957443,2016-05-11,1693
566,5553957443,2016-05-12,741
567,5577150313,2016-04-12,3405
568,5577150313,2016-04-13,2551
569,5577150313,2016-04-14,4022
570,5577150313,2016-04-15,4005
571,5577150313,2016-04-16,4274
572,5577150313,2016-04-17,4552
573,5577150313,2016-04-18,3625
574,5577150313,2016-04-19,3501
575,5577150313,2016-04-20,3192
576,5577150313,2016-04-21,4018
577,5577150313,2016-04-22,3329
578,5577150313,2016-04-23,3152
579,5577150313,2016-04-24,4392
580,5577150313,2016-04-25,3374
581,5577150313,2016-04-26,3088
582,5577150313,2016-04-27,3294
583,5577150313,2016-04-28,3580
584,5577150313,2016-04-29,3544
585,5577150313,2016-04-30,4501
586,5577150313,2016-05-01,4546
587,5577150313,2016-05-02,3014
588,5577150313,2016-05-03,3795
589,5577150313,2016-05-04,2755
590,5577150313,2016-05-05,3004
591,5577150313,2016-05-06,2643
592,5577150313,2016-05-07,1819
593,5577150313,2016-05-08,1819
594,5577150313,2016-05-09,2489
595,5577150313,2016-05-10,3841
596,5577150313,2016-05-11,1665
597,6117666160,2016-04-12,1496
598,6117666160,2016-04-13,1496
599,6117666160,2016-04-14,1496
600,6117666160,2016-04-15,2865
601,6117666160,2016-04-16,2828
602,6117666160,2016-04-17,2225
603,6117666160,2016-04-18,2018
604,6117666160,2016-04-19,2606
605,6117666160,2016-04-20,2536
606,6117666160,2016-04-21,4900
607,6117666160,2016-04-22,2409
608,6117666160,2016-04-23,2651
609,6117666160,2016-04-24,2305
610,6117666160,2016-04-25,1497
611,6117666160,2016-04-26,2450
612,6117666160,2016-04-27,2576
613,6117666160,2016-04-28,1879
614,6117666160,2016-04-29,2560
615,6117666160,2016-04-30,2275
616,6117666160,2016-05-01,2361
617,6117666160,2016-05-02,2044
618,6117666160,2016-05-03,1496
619,6117666160,2016-05-04,1902
620,6117666160,2016-05-05,2636
621,6117666160,2016-05-06,1838
622,6117666160,2016-05-07,2469
623,6117666160,2016-05-08,2250
624,6117666160,2016-05-09,1248
625,6290855005,2016-04-12,2560
626,6290855005,2016-04-13,2905
627,6290855005,2016-04-14,2952
628,6290855005,2016-04-15,2896
629,6290855005,2016-04-16,2783
630,6290855005,2016-04-17,3171
631,6290855005,2016-04-18,2766
632,6290855005,2016-04-19,2839
633,6290855005,2016-04-20,2701
634,6290855005,2016-04-21,2060
635,6290855005,2016-04-22,2796
636,6290855005,2016-04-23,2664
637,6290855005,2016-04-24,2703
638,6290855005,2016-04-25,2771
639,6290855005,2016-04-26,2060
640,6290855005,2016-04-27,2743
641,6290855005,2016-04-28,2687
642,6290855005,2016-04-29,2060
643,6290855005,2016-04-30,2843
644,6290855005,2016-05-01,3327
645,6290855005,2016-05-02,2725
646,6290855005,2016-05-03,2671
647,6290855005,2016-05-04,2718
648,6290855005,2016-05-05,2682
649,6290855005,2016-05-06,2806
650,6290855005,2016-05-07,2613
651,6290855005,2016-05-08,2712
652,6290855005,2016-05-09,2175
653,6290855005,2016-05-10,0
654,6775888955,2016-04-12,1841
655,6775888955,2016-04-13,2400
656,6775888955,2016-04-14,2507
657,6775888955,2016-04-15,2127
658,6775888955,2016-04-16,2225
659,6775888955,2016-04-17,2067
660,6775888955,2016-04-18,2798
661,6775888955,2016-04-19,1841
662,6775888955,2016-04-20,3727
663,6775888955,2016-04-21,1841
664,6775888955,2016-04-22,1922
665,6775888955,2016-04-23,1841
666,6775888955,2016-04-24,2053
667,6775888955,2016-04-25,2484
668,6775888955,2016-04-26,2584
669,6775888955,2016-04-27,1841
670,6775888955,2016-04-28,1993
671,6775888955,2016-04-29,1841
672,6775888955,2016-04-30,2280
673,6775888955,2016-05-01,2319
674,6775888955,2016-05-02,1841
675,6775888955,2016-05-03,1843
676,6775888955,2016-05-04,1841
677,6775888955,2016-05-05,1841
678,6775888955,2016-05-06,2496
679,6775888955,2016-05-07,1032
680,6962181067,2016-04-12,1994
681,6962181067,2016-04-13,1718
682,6962181067,2016-04-14,1466
683,6962181067,2016-04-15,1756
684,6962181067,2016-04-16,2173
685,6962181067,2016-04-17,2027
686,6962181067,2016-04-18,2039
687,6962181067,2016-04-19,2046
688,6962181067,2016-04-20,2174
689,6962181067,2016-04-21,2179
690,6962181067,2016-04-22,2086
691,6962181067,2016-04-23,2571
692,6962181067,2016-04-24,1705
693,6962181067,2016-04-25,2194
694,6962181067,2016-04-26,2012
695,6962181067,2016-04-27,2034
696,6962181067,2016-04-28,2182
697,6962181067,2016-04-29,2254
698,6962181067,2016-04-30,2002
699,6962181067,2016-05-01,1740
700,6962181067,2016-05-02,2162
701,6962181067,2016-05-03,2072
702,6962181067,2016-05-04,2086
703,6962181067,2016-05-05,2066
704,6962181067,2016-05-06,1850
705,6962181067,2016-05-07,1947
706,6962181067,2016-05-08,1659
707,6962181067,2016-05-09,2105
708,6962181067,2016-05-10,2361
709,6962181067,2016-05-11,1855
710,6962181067,2016-05-12,928
711,7007744171,2016-04-12,2937
712,7007744171,2016-04-13,2742
713,7007744171,2016-04-14,2668
714,7007744171,2016-04-15,2098
715,7007744171,2016-04-16,2076
716,7007744171,2016-04-17,2383
717,7007744171,2016-04-18,2832
718,7007744171,2016-04-19,2812
719,7007744171,2016-04-20,3096
720,7007744171,2016-04-21,2763
721,7007744171,2016-04-22,2889
722,7007744171,2016-04-23,2284
723,7007744171,2016-04-24,2667
724,7007744171,2016-04-25,3055
725,7007744171,2016-04-26,2939
726,7007744171,2016-04-27,2830
727,7007744171,2016-04-28,2836
728,7007744171,2016-04-29,3180
729,7007744171,2016-04-30,2051
730,7007744171,2016-05-01,2225
731,7007744171,2016-05-02,2642
732,7007744171,2016-05-03,2976
733,7007744171,2016-05-04,1557
734,7007744171,2016-05-05,2933
735,7007744171,2016-05-06,2553
736,7007744171,2016-05-07,120
737,7086361926,2016-04-12,2772
738,7086361926,2016-04-13,2516
739,7086361926,2016-04-14,2734
740,7086361926,2016-04-15,2395
741,7086361926,2016-04-16,1635
742,7086361926,2016-04-17,1629
743,7086361926,2016-04-18,2743
744,7086361926,2016-04-19,2944
745,7086361926,2016-04-20,2997
746,7086361926,2016-04-21,2463
747,7086361926,2016-04-22,2846
748,7086361926,2016-04-23,1965
749,7086361926,2016-04-24,2049
750,7086361926,2016-04-25,2752
751,7086361926,2016-04-26,2781
752,7086361926,2016-04-27,2693
753,7086361926,2016-04-28,2862
754,7086361926,2016-04-29,2616
755,7086361926,2016-04-30,2995
756,7086361926,2016-05-01,2730
757,7086361926,2016-05-02,2754
758,7086361926,2016-05-03,2754
759,7086361926,2016-05-04,2655
760,7086361926,2016-05-05,2386
761,7086361926,2016-05-06,2924
762,7086361926,2016-05-07,2739
763,7086361926,2016-05-08,2534
764,7086361926,2016-05-09,2960
765,7086361926,2016-05-10,2800
766,7086361926,2016-05-11,2735
767,7086361926,2016-05-12,1199
768,8053475328,2016-04-12,3186
769,8053475328,2016-04-13,3140
770,8053475328,2016-04-14,3411
771,8053475328,2016-04-15,3410
772,8053475328,2016-04-16,2867
773,8053475328,2016-04-17,3213
774,8053475328,2016-04-18,3133
775,8053475328,2016-04-19,3114
776,8053475328,2016-04-20,3043
777,8053475328,2016-04-21,3103
778,8053475328,2016-04-22,2655
779,8053475328,2016-04-23,3554
780,8053475328,2016-04-24,3577
781,8053475328,2016-04-25,3403
782,8053475328,2016-04-26,2846
783,8053475328,2016-04-27,2852
784,8053475328,2016-04-28,3062
785,8053475328,2016-04-29,2794
786,8053475328,2016-04-30,2408
787,8053475328,2016-05-01,1886
788,8053475328,2016-05-02,1988
789,8053475328,2016-05-03,3023
790,8053475328,2016-05-04,2918
791,8053475328,2016-05-05,2950
792,8053475328,2016-05-06,2859
793,8053475328,2016-05-07,3331
794,8053475328,2016-05-08,3589
795,8053475328,2016-05-09,2765
796,8053475328,2016-05-10,2926
797,8053475328,2016-05-11,2809
798,8053475328,2016-05-12,1505
799,8253242879,2016-04-12,2044
800,8253242879,2016-04-13,1935
801,8253242879,2016-04-14,1705
802,8253242879,2016-04-15,1632
803,8253242879,2016-04-16,1880
804,8253242879,2016-04-17,2112
805,8253242879,2016-04-18,1829
806,8253242879,2016-04-19,1763
807,8253242879,2016-04-20,1931
808,8253242879,2016-04-21,2218
809,8253242879,2016-04-22,1651
810,8253242879,2016-04-23,2132
811,8253242879,2016-04-24,1976
812,8253242879,2016-04-25,1909
813,8253242879,2016-04-26,1813
814,8253242879,2016-04-27,2008
815,8253242879,2016-04-28,1580
816,8253242879,2016-04-29,1854
817,8253242879,2016-04-30,0
818,8378563200,2016-04-12,3635
819,8378563200,2016-04-13,4079
820,8378563200,2016-04-14,4163
821,8378563200,2016-04-15,3666
822,8378563200,2016-04-16,3363
823,8378563200,2016-04-17,2572
824,8378563200,2016-04-18,4157
825,8378563200,2016-04-19,4092
826,8378563200,2016-04-20,3787
827,8378563200,2016-04-21,4236
828,8378563200,2016-04-22,4044
829,8378563200,2016-04-23,2908
830,8378563200,2016-04-24,2741
831,8378563200,2016-04-25,4005
832,8378563200,2016-04-26,3763
833,8378563200,2016-04-27,3061
834,8378563200,2016-04-28,2884
835,8378563200,2016-04-29,2982
836,8378563200,2016-04-30,2660
837,8378563200,2016-05-01,3369
838,8378563200,2016-05-02,3491
839,8378563200,2016-05-03,3784
840,8378563200,2016-05-04,3110
841,8378563200,2016-05-05,3783
842,8378563200,2016-05-06,3644
843,8378563200,2016-05-07,2799
844,8378563200,2016-05-08,2685
845,8378563200,2016-05-09,3721
846,8378563200,2016-05-10,3586
847,8378563200,2016-05-11,3788
848,8378563200,2016-05-12,1976
849,8583815059,2016-04-12,2650
850,8583815059,2016-04-13,2654
851,8583815059,2016-04-14,2443
852,8583815059,2016-04-15,2505
853,8583815059,2016-04-16,2693
854,8583815059,2016-04-17,2439
855,8583815059,2016-04-18,2536
856,8583815059,2016-04-19,2668
857,8583815059,2016-04-20,2647
858,8583815059,2016-04-21,2883
859,8583815059,2016-04-22,2944
860,8583815059,2016-04-23,3012
861,8583815059,2016-04-24,2889
862,8583815059,2016-04-25,2547
863,8583815059,2016-04-26,3093
864,8583815059,2016-04-27,3142
865,8583815059,2016-04-28,2757
866,8583815059,2016-04-29,3513
867,8583815059,2016-04-30,3164
868,8583815059,2016-05-01,2596
869,8583815059,2016-05-02,2894
870,8583815059,2016-05-03,3212
871,8583815059,2016-05-04,2516
872,8583815059,2016-05-05,3266
873,8583815059,2016-05-06,2683
874,8583815059,2016-05-07,2810
875,8583815059,2016-05-08,2940
876,8583815059,2016-05-09,2947
877,8583815059,2016-05-10,2846
878,8583815059,2016-05-11,2804
879,8583815059,2016-05-12,0
880,8792009665,2016-04-12,2044
881,8792009665,2016-04-13,1934
882,8792009665,2016-04-14,1963
883,8792009665,2016-04-15,2009
884,8792009665,2016-04-16,1721
885,8792009665,2016-04-17,1688
886,8792009665,2016-04-18,1688
887,8792009665,2016-04-19,1688
888,8792009665,2016-04-20,2188
889,8792009665,2016-04-21,1720
890,8792009665,2016-04-22,2419
891,8792009665,2016-04-23,2748
892,8792009665,2016-04-24,1799
893,8792009665,2016-04-25,1688
894,8792009665,2016-04-26,1928
895,8792009665,2016-04-27,2067
896,8792009665,2016-04-28,2780
897,8792009665,2016-04-29,3101
898,8792009665,2016-04-30,2896
899,8792009665,2016-05-01,1962
900,8792009665,2016-05-02,2015
901,8792009665,2016-05-03,2297
902,8792009665,2016-05-04,2067
903,8792009665,2016-05-05,1688
904,8792009665,2016-05-06,1688
905,8792009665,2016-05-07,1688
906,8792009665,2016-05-08,1688
907,8792009665,2016-05-09,1688
908,8792009665,2016-05-10,57
909,8877689391,2016-04-12,3921
910,8877689391,2016-04-13,3566
911,8877689391,2016-04-14,3793
912,8877689391,2016-04-15,3934
913,8877689391,2016-04-16,4547
914,8877689391,2016-04-17,3545
915,8877689391,2016-04-18,2761
916,8877689391,2016-04-19,3676
917,8877689391,2016-04-20,3679
918,8877689391,2016-04-21,3659
919,8877689391,2016-04-22,3427
920,8877689391,2016-04-23,3891
921,8877689391,2016-04-24,3455
922,8877689391,2016-04-25,3802
923,8877689391,2016-04-26,2860
924,8877689391,2016-04-27,3808
925,8877689391,2016-04-28,3060
926,8877689391,2016-04-29,2698
927,8877689391,2016-04-30,4398
928,8877689391,2016-05-01,2786
929,8877689391,2016-05-02,2189
930,8877689391,2016-05-03,2817
931,8877689391,2016-05-04,3477
932,8877689391,2016-05-05,3052
933,8877689391,2016-05-06,4015
934,8877689391,2016-05-07,4142
935,8877689391,2016-05-08,2847
936,8877689391,2016-05-09,3710
937,8877689391,2016-05-10,2832
938,8877689391,2016-05-11,3832
939,8877689391,2016-05-12,1849
